price_date,symbol,company_name,open_price,close_price,high_price,low_price,volume
2025-08-05,AAPL,Apple Inc.,203.4,202.92,205.34,202.16,44155079
2025-08-05,AMZN,Amazon.com Inc.,213.05,213.75,216.3,212.87,51505121
2025-08-05,GOOGL,Alphabet Inc.,194.71,194.67,197.86,193.89,31602340
2025-08-05,MSFT,Microsoft Corp.,537.18,527.75,537.3,527.24,19171569
2025-08-05,TSLA,Tesla Inc.,308.95,308.72,312.45,305.5,57961278
2025-08-06,AAPL,Apple Inc.,205.63,213.25,215.38,205.59,108483103
2025-08-06,AMZN,Amazon.com Inc.,214.7,222.31,222.65,213.74,54823045
2025-08-06,GOOGL,Alphabet Inc.,194.5,196.09,196.63,193.67,21562908
2025-08-06,MSFT,Microsoft Corp.,530.9,524.94,531.7,524.03,21355702
2025-08-06,TSLA,Tesla Inc.,307.89,319.91,320.47,306.93,78523579
2025-08-07,AAPL,Apple Inc.,218.88,220.03,220.85,216.58,90224834
2025-08-07,AMZN,Amazon.com Inc.,221.0,223.13,226.22,220.82,40603513
2025-08-07,GOOGL,Alphabet Inc.,197.06,196.52,197.54,194.33,26321811
2025-08-07,MSFT,Microsoft Corp.,526.8,520.84,528.09,517.55,16079144
2025-08-07,TSLA,Tesla Inc.,319.79,322.27,322.4,316.16,66658672
2025-08-08,AAPL,Apple Inc.,220.83,229.35,231.0,219.25,113853967
2025-08-08,AMZN,Amazon.com Inc.,223.14,222.69,223.8,221.88,32970477
2025-08-08,GOOGL,Alphabet Inc.,197.22,201.42,202.61,197.17,39161826
2025-08-08,MSFT,Microsoft Corp.,522.6,522.04,524.66,519.41,15531009
2025-08-08,TSLA,Tesla Inc.,321.43,329.65,335.15,320.98,91200319
2025-08-11,AAPL,Apple Inc.,227.92,227.18,229.56,224.76,61806132
2025-08-11,AMZN,Amazon.com Inc.,221.78,221.3,223.05,220.4,31646222
2025-08-11,GOOGL,Alphabet Inc.,200.94,201.0,201.48,199.07,25832435
2025-08-11,MSFT,Microsoft Corp.,522.3,521.77,527.59,519.72,20194372
2025-08-11,TSLA,Tesla Inc.,335.0,339.03,346.64,334.15,105320174
2025-08-12,AAPL,Apple Inc.,228.01,229.65,230.8,227.07,55672301
2025-08-12,AMZN,Amazon.com Inc.,222.23,221.47,223.5,219.05,37254707
2025-08-12,GOOGL,Alphabet Inc.,201.37,203.34,204.5,200.59,30424452
2025-08-12,MSFT,Microsoft Corp.,523.75,529.24,530.98,522.7,18688921
2025-08-12,TSLA,Tesla Inc.,345.0,340.84,345.26,332.94,80690111
2025-08-13,AAPL,Apple Inc.,231.07,233.33,235.0,230.43,69878546
2025-08-13,AMZN,Amazon.com Inc.,222.0,224.56,224.92,222.0,36508335
2025-08-13,GOOGL,Alphabet Inc.,204.13,201.96,204.53,197.51,28342922
2025-08-13,MSFT,Microsoft Corp.,532.11,520.58,532.7,519.37,19619160
2025-08-13,TSLA,Tesla Inc.,341.5,339.38,348.98,338.2,67838892
2025-08-14,AAPL,Apple Inc.,234.06,232.78,235.12,230.85,51916275
2025-08-14,AMZN,Amazon.com Inc.,227.4,230.98,233.11,227.02,61545824
2025-08-14,GOOGL,Alphabet Inc.,201.5,202.94,204.44,201.23,25230427
2025-08-14,MSFT,Microsoft Corp.,522.56,522.48,525.95,520.14,20269074
2025-08-14,TSLA,Tesla Inc.,335.76,335.58,340.47,330.4,75000662
2025-08-15,AAPL,Apple Inc.,234.0,231.59,234.28,229.34,56038657
2025-08-15,AMZN,Amazon.com Inc.,232.58,231.03,234.08,229.81,39649244
2025-08-15,GOOGL,Alphabet Inc.,203.85,203.9,206.44,201.28,34931422
2025-08-15,MSFT,Microsoft Corp.,522.77,520.17,526.1,519.08,25213272
2025-08-15,TSLA,Tesla Inc.,337.66,330.56,339.3,327.02,74319792
2025-08-18,AAPL,Apple Inc.,231.7,230.89,233.12,230.11,37476188
2025-08-18,AMZN,Amazon.com Inc.,230.23,231.49,231.91,228.33,25248890
2025-08-18,GOOGL,Alphabet Inc.,204.2,203.5,205.27,202.49,18526594
2025-08-18,MSFT,Microsoft Corp.,521.59,517.1,522.82,514.02,23760583
2025-08-18,TSLA,Tesla Inc.,329.62,335.16,336.27,329.59,56956552
2025-08-19,AAPL,Apple Inc.,231.28,230.56,232.87,229.35,39402564
2025-08-19,AMZN,Amazon.com Inc.,230.09,228.01,230.53,227.12,29891012
2025-08-19,GOOGL,Alphabet Inc.,203.03,201.57,203.44,199.96,24240233
2025-08-19,MSFT,Microsoft Corp.,515.0,509.77,515.16,508.55,21481016
2025-08-19,TSLA,Tesla Inc.,335.79,329.31,340.55,327.85,75956002
2025-08-20,AAPL,Apple Inc.,229.98,226.01,230.47,225.77,42263865
2025-08-20,AMZN,Amazon.com Inc.,227.12,223.81,227.27,220.92,36604319
2025-08-20,GOOGL,Alphabet Inc.,200.73,199.32,201.28,196.6,28955498
2025-08-20,MSFT,Microsoft Corp.,509.87,505.72,511.0,504.44,27723025
2025-08-20,TSLA,Tesla Inc.,329.22,323.9,331.37,314.6,77481768
2025-08-21,AAPL,Apple Inc.,226.27,224.9,226.52,223.78,30621249
2025-08-21,AMZN,Amazon.com Inc.,222.65,221.95,222.78,220.5,32140459
2025-08-21,GOOGL,Alphabet Inc.,199.75,199.75,202.48,199.43,19774633
2025-08-21,MSFT,Microsoft Corp.,503.69,504.24,507.63,502.72,18443254
2025-08-21,TSLA,Tesla Inc.,322.08,320.11,324.9,318.68,55744445
2025-08-22,AAPL,Apple Inc.,226.17,227.76,229.09,225.41,42477811
2025-08-22,AMZN,Amazon.com Inc.,222.79,228.84,229.14,220.82,37315341
2025-08-22,GOOGL,Alphabet Inc.,202.73,206.09,208.54,201.3,42827040
2025-08-22,MSFT,Microsoft Corp.,504.25,507.23,510.73,502.41,24324161
2025-08-22,TSLA,Tesla Inc.,321.66,340.01,340.25,319.69,94016347
2025-08-25,AAPL,Apple Inc.,226.48,227.16,229.3,226.23,30983133
2025-08-25,AMZN,Amazon.com Inc.,227.35,227.94,229.6,227.31,22633695
2025-08-25,GOOGL,Alphabet Inc.,206.43,208.49,210.52,205.28,29928878
2025-08-25,MSFT,Microsoft Corp.,506.63,504.26,508.19,504.12,21638579
2025-08-25,TSLA,Tesla Inc.,338.9,346.6,349.53,335.03,86670037
2025-08-26,AAPL,Apple Inc.,226.87,229.31,229.49,224.69,54575107
2025-08-26,AMZN,Amazon.com Inc.,227.11,228.71,229.0,226.02,26105373
2025-08-26,GOOGL,Alphabet Inc.,207.51,207.14,207.85,205.7,28464130
2025-08-26,MSFT,Microsoft Corp.,504.36,502.04,504.98,498.51,30835709
2025-08-26,TSLA,Tesla Inc.,344.93,351.67,351.9,343.72,76651550
2025-08-27,AAPL,Apple Inc.,228.61,230.49,230.9,228.26,31259513
2025-08-27,AMZN,Amazon.com Inc.,228.57,229.12,229.87,227.81,21254479
2025-08-27,GOOGL,Alphabet Inc.,205.7,207.48,208.91,205.65,23022850
2025-08-27,MSFT,Microsoft Corp.,502.0,506.74,507.29,499.9,17277893
2025-08-27,TSLA,Tesla Inc.,351.94,349.6,355.39,349.16,65519012
2025-08-28,AAPL,Apple Inc.,230.82,232.56,233.41,229.34,38074700
2025-08-28,AMZN,Amazon.com Inc.,229.01,231.6,232.71,228.02,33679585
2025-08-28,GOOGL,Alphabet Inc.,207.25,211.64,212.22,206.9,32339307
2025-08-28,MSFT,Microsoft Corp.,507.09,509.64,511.09,505.5,18015593
2025-08-28,TSLA,Tesla Inc.,350.91,345.98,353.55,340.26,67903224
2025-08-29,AAPL,Apple Inc.,232.51,232.14,233.38,231.37,39418437
2025-08-29,AMZN,Amazon.com Inc.,231.32,229.0,231.81,228.16,26199170
2025-08-29,GOOGL,Alphabet Inc.,210.51,212.91,214.65,210.2,39728364
2025-08-29,MSFT,Microsoft Corp.,508.66,506.69,509.6,504.49,20961569
2025-08-29,TSLA,Tesla Inc.,347.23,333.87,348.75,331.7,81145660
2025-09-02,AAPL,Apple Inc.,229.25,229.72,230.85,226.97,44075638
2025-09-02,AMZN,Amazon.com Inc.,223.52,225.34,226.17,221.83,38843883
2025-09-02,GOOGL,Alphabet Inc.,208.44,211.35,211.68,206.2,47523037
2025-09-02,MSFT,Microsoft Corp.,500.47,505.12,506.0,496.81,18127995
2025-09-02,TSLA,Tesla Inc.,328.23,329.36,333.33,325.6,58391952
2025-09-03,AAPL,Apple Inc.,237.21,238.47,238.85,234.36,66061716
2025-09-03,AMZN,Amazon.com Inc.,225.21,225.99,227.17,224.36,26355706
2025-09-03,GOOGL,Alphabet Inc.,226.21,230.66,231.31,224.79,102090277
2025-09-03,MSFT,Microsoft Corp.,503.79,505.35,507.79,502.32,15995154
2025-09-03,TSLA,Tesla Inc.,335.2,334.09,343.33,328.51,88238894
2025-09-04,AAPL,Apple Inc.,238.45,239.78,239.9,236.74,47549429
2025-09-04,AMZN,Amazon.com Inc.,231.19,235.68,235.77,230.78,59391779
2025-09-04,GOOGL,Alphabet Inc.,229.65,232.3,232.37,226.11,51684167
2025-09-04,MSFT,Microsoft Corp.,504.3,507.97,508.15,503.15,15509486
2025-09-04,TSLA,Tesla Inc.,336.15,338.53,338.89,331.48,60711033
2025-09-05,AAPL,Apple Inc.,240.0,239.69,241.32,238.49,54870397
2025-09-05,AMZN,Amazon.com Inc.,235.19,232.33,236.0,231.93,36721802
2025-09-05,GOOGL,Alphabet Inc.,232.2,235.0,235.76,231.9,46588925
2025-09-05,MSFT,Microsoft Corp.,509.07,495.0,511.97,492.37,31994846
2025-09-05,TSLA,Tesla Inc.,348.0,350.84,355.87,344.68,108989785
2025-09-08,AAPL,Apple Inc.,239.3,237.88,240.15,236.34,48999495
2025-09-08,AMZN,Amazon.com Inc.,234.94,235.84,237.6,233.75,33947104
2025-09-08,GOOGL,Alphabet Inc.,235.47,234.04,238.13,233.67,32474743
2025-09-08,MSFT,Microsoft Corp.,498.11,498.2,501.2,495.03,16771015
2025-09-08,TSLA,Tesla Inc.,354.64,346.4,358.44,344.84,75208290
2025-09-09,AAPL,Apple Inc.,237.0,234.35,238.78,233.36,66313918
2025-09-09,AMZN,Amazon.com Inc.,236.36,238.24,238.85,235.08,27033778
2025-09-09,GOOGL,Alphabet Inc.,234.17,239.63,240.47,233.23,38060959
2025-09-09,MSFT,Microsoft Corp.,501.43,498.41,502.25,497.7,14410542
2025-09-09,TSLA,Tesla Inc.,348.44,346.97,350.77,343.82,53815991
2025-09-10,AAPL,Apple Inc.,232.19,226.79,232.42,225.95,83440810
2025-09-10,AMZN,Amazon.com Inc.,237.52,230.33,237.68,229.1,60907714
2025-09-10,GOOGL,Alphabet Inc.,238.9,239.17,241.66,237.85,35141074
2025-09-10,MSFT,Microsoft Corp.,502.98,500.37,503.23,496.72,21611816
2025-09-10,TSLA,Tesla Inc.,350.55,347.79,356.33,346.07,72121679
2025-09-11,AAPL,Apple Inc.,226.88,230.03,230.45,226.65,50208578
2025-09-11,AMZN,Amazon.com Inc.,231.49,229.95,231.53,229.34,37485598
2025-09-11,GOOGL,Alphabet Inc.,239.88,240.37,242.25,236.25,30599328
2025-09-11,MSFT,Microsoft Corp.,502.25,501.01,503.17,497.88,18881608
2025-09-11,TSLA,Tesla Inc.,350.17,368.81,368.99,347.6,103756010
2025-09-12,AAPL,Apple Inc.,229.22,234.07,234.51,229.02,55824216
2025-09-12,AMZN,Amazon.com Inc.,230.35,228.15,230.79,226.29,38496218
2025-09-12,GOOGL,Alphabet Inc.,240.37,240.8,242.08,238.0,26771610
2025-09-12,MSFT,Microsoft Corp.,506.65,509.9,512.55,503.85,23624884
2025-09-12,TSLA,Tesla Inc.,370.94,395.94,396.69,370.24,168156391
2025-09-15,AAPL,Apple Inc.,237.0,236.7,238.19,235.03,42699524
2025-09-15,AMZN,Amazon.com Inc.,230.63,231.43,233.73,230.32,33243328
2025-09-15,GOOGL,Alphabet Inc.,244.66,251.61,252.41,244.66,58383796
2025-09-15,MSFT,Microsoft Corp.,508.79,515.36,515.47,507.0,17143786
2025-09-15,TSLA,Tesla Inc.,423.13,410.04,425.7,402.43,163823667
2025-09-16,AAPL,Apple Inc.,237.18,238.15,241.22,236.32,63421099
2025-09-16,AMZN,Amazon.com Inc.,232.94,234.05,235.9,232.23,38203912
2025-09-16,GOOGL,Alphabet Inc.,252.08,251.16,253.04,249.47,34109720
2025-09-16,MSFT,Microsoft Corp.,516.88,509.04,517.23,508.6,19711922
2025-09-16,TSLA,Tesla Inc.,414.5,421.62,423.25,411.43,104285721
2025-09-17,AAPL,Apple Inc.,238.97,238.99,240.1,237.73,46508017
2025-09-17,AMZN,Amazon.com Inc.,233.77,231.62,234.3,228.71,42815230
2025-09-17,GOOGL,Alphabet Inc.,251.22,249.53,251.6,246.28,34107992
2025-09-17,MSFT,Microsoft Corp.,510.62,510.02,511.29,505.93,15816585
2025-09-17,TSLA,Tesla Inc.,415.75,425.86,428.31,409.67,106133532
2025-09-18,AAPL,Apple Inc.,239.97,237.88,241.2,236.65,44249576
2025-09-18,AMZN,Amazon.com Inc.,232.5,231.23,233.48,228.79,37931738
2025-09-18,GOOGL,Alphabet Inc.,251.68,252.03,253.99,249.8,31239474
2025-09-18,MSFT,Microsoft Corp.,511.49,508.45,513.07,507.66,18913696
2025-09-18,TSLA,Tesla Inc.,428.87,416.85,432.22,416.56,90454509
2025-09-19,AAPL,Apple Inc.,241.23,245.5,246.3,240.21,163741314
2025-09-19,AMZN,Amazon.com Inc.,232.37,231.48,234.16,229.7,97943172
2025-09-19,GOOGL,Alphabet Inc.,253.25,254.72,256.0,251.81,55571424
2025-09-19,MSFT,Microsoft Corp.,510.56,517.93,519.3,510.31,52474093
2025-09-19,TSLA,Tesla Inc.,421.82,426.07,429.47,421.72,93131034
2025-09-22,AAPL,Apple Inc.,248.3,256.08,256.64,248.12,105517416
2025-09-22,AMZN,Amazon.com Inc.,230.56,227.63,230.57,227.51,45914506
2025-09-22,GOOGL,Alphabet Inc.,254.43,252.53,255.78,250.3,32290538
2025-09-22,MSFT,Microsoft Corp.,515.59,514.45,517.74,512.55,20009314
2025-09-22,TSLA,Tesla Inc.,431.11,434.21,444.98,429.13,97108777
2025-09-23,AAPL,Apple Inc.,255.88,254.43,257.34,253.58,60275187
2025-09-23,AMZN,Amazon.com Inc.,227.83,220.71,227.86,220.07,70956193
2025-09-23,GOOGL,Alphabet Inc.,253.04,251.66,254.36,250.48,26628016
2025-09-23,MSFT,Microsoft Corp.,513.8,509.23,514.59,507.31,19799580
2025-09-23,TSLA,Tesla Inc.,439.88,425.85,440.97,423.72,83422691
2025-09-24,AAPL,Apple Inc.,255.22,252.31,255.74,251.04,42303710
2025-09-24,AMZN,Amazon.com Inc.,224.15,220.21,224.56,219.45,49509033
2025-09-24,GOOGL,Alphabet Inc.,251.66,247.14,252.35,246.44,28201003
2025-09-24,MSFT,Microsoft Corp.,510.38,510.15,512.48,506.92,13533711
2025-09-24,TSLA,Tesla Inc.,429.83,442.79,444.21,429.03,93133570
2025-09-25,AAPL,Apple Inc.,253.21,256.87,257.17,251.71,55202075
2025-09-25,AMZN,Amazon.com Inc.,220.06,218.15,220.67,216.47,52226328
2025-09-25,GOOGL,Alphabet Inc.,244.4,245.79,246.49,240.74,31020383
2025-09-25,MSFT,Microsoft Corp.,508.3,507.03,510.01,505.04,15786468
2025-09-25,TSLA,Tesla Inc.,435.24,423.39,435.35,419.08,96746426
2025-09-26,AAPL,Apple Inc.,254.1,255.46,257.6,253.78,46076258
2025-09-26,AMZN,Amazon.com Inc.,219.08,219.78,221.05,218.02,41650098
2025-09-26,GOOGL,Alphabet Inc.,247.07,246.54,249.42,245.97,18503194
2025-09-26,MSFT,Microsoft Corp.,510.06,511.46,513.94,506.62,16213129
2025-09-26,TSLA,Tesla Inc.,428.3,440.4,440.47,421.02,101628160
2025-09-29,AAPL,Apple Inc.,254.56,254.43,255.0,253.01,40127687
2025-09-29,AMZN,Amazon.com Inc.,220.08,222.17,222.6,219.3,44259177
2025-09-29,GOOGL,Alphabet Inc.,247.85,244.05,251.15,242.77,32505777
2025-09-29,MSFT,Microsoft Corp.,511.5,514.6,516.85,508.88,17617775
2025-09-29,TSLA,Tesla Inc.,444.35,443.21,450.98,439.5,79491510
2025-09-30,AAPL,Apple Inc.,254.86,254.63,255.92,253.11,37704259
2025-09-30,AMZN,Amazon.com Inc.,222.03,219.57,222.24,217.89,48396369
2025-09-30,GOOGL,Alphabet Inc.,242.81,243.1,243.29,239.25,34724346
2025-09-30,MSFT,Microsoft Corp.,513.24,517.95,518.16,509.66,19728229
2025-09-30,TSLA,Tesla Inc.,441.52,444.72,445.0,433.12,74357960
2025-10-01,AAPL,Apple Inc.,255.04,255.45,258.79,254.93,48713940
2025-10-01,AMZN,Amazon.com Inc.,217.36,220.63,222.15,216.61,43933834
2025-10-01,GOOGL,Alphabet Inc.,240.75,244.9,246.3,238.61,31658234
2025-10-01,MSFT,Microsoft Corp.,514.8,519.71,520.51,511.69,22632336
2025-10-01,TSLA,Tesla Inc.,443.8,459.46,462.29,440.75,98122285
2025-10-02,AAPL,Apple Inc.,256.58,257.13,258.18,254.15,42630239
2025-10-02,AMZN,Amazon.com Inc.,221.01,222.41,222.81,218.95,41258586
2025-10-02,GOOGL,Alphabet Inc.,245.15,245.69,246.81,242.3,25483298
2025-10-02,MSFT,Microsoft Corp.,517.64,515.74,521.6,510.68,21222886
2025-10-02,TSLA,Tesla Inc.,470.54,436.0,470.75,435.57,137008950
2025-10-03,AAPL,Apple Inc.,254.67,258.02,259.24,253.95,49155614
2025-10-03,AMZN,Amazon.com Inc.,223.44,219.51,224.2,219.34,43639033
2025-10-03,GOOGL,Alphabet Inc.,244.49,245.35,246.3,241.66,30249559
2025-10-03,MSFT,Microsoft Corp.,517.1,517.35,520.49,515.0,15112321
2025-10-03,TSLA,Tesla Inc.,443.29,429.83,446.77,416.58,133188180
2025-10-06,AAPL,Apple Inc.,257.99,256.69,259.07,255.05,44664118
2025-10-06,AMZN,Amazon.com Inc.,221.0,220.9,221.73,216.03,43690876
2025-10-06,GOOGL,Alphabet Inc.,244.78,250.43,251.32,244.58,28894653
2025-10-06,MSFT,Microsoft Corp.,518.61,528.57,531.03,518.2,21388581
2025-10-06,TSLA,Tesla Inc.,440.75,453.25,453.55,436.69,85324878
2025-10-07,AAPL,Apple Inc.,256.81,256.48,257.4,255.43,31955776
2025-10-07,AMZN,Amazon.com Inc.,220.88,221.78,222.89,220.17,31194678
2025-10-07,GOOGL,Alphabet Inc.,248.27,245.76,250.44,245.52,23181285
2025-10-07,MSFT,Microsoft Corp.,528.29,523.98,529.8,521.44,14615208
2025-10-07,TSLA,Tesla Inc.,447.82,433.09,452.68,432.45,102296082
2025-10-08,AAPL,Apple Inc.,256.52,258.06,258.52,256.11,36496895
2025-10-08,AMZN,Amazon.com Inc.,222.92,225.22,226.73,221.19,46685985
2025-10-08,GOOGL,Alphabet Inc.,244.96,244.62,246.01,243.82,21307104
2025-10-08,MSFT,Microsoft Corp.,523.28,524.85,526.95,523.09,13363447
2025-10-08,TSLA,Tesla Inc.,437.57,438.69,441.33,425.23,71192128
2025-10-09,AAPL,Apple Inc.,257.81,254.04,258.0,253.14,38322012
2025-10-09,AMZN,Amazon.com Inc.,225.0,227.74,228.21,221.75,46412122
2025-10-09,GOOGL,Alphabet Inc.,244.47,241.53,244.76,239.15,27892086
2025-10-09,MSFT,Microsoft Corp.,522.34,522.4,524.33,517.4,18343602
2025-10-09,TSLA,Tesla Inc.,431.81,435.54,436.35,426.18,69339928
2025-10-10,AAPL,Apple Inc.,254.94,245.27,256.38,244.0,61999098
2025-10-10,AMZN,Amazon.com Inc.,226.21,216.37,228.25,216.0,72367511
2025-10-10,GOOGL,Alphabet Inc.,241.43,236.57,244.09,235.84,33180323
2025-10-10,MSFT,Microsoft Corp.,519.64,510.96,523.58,509.63,24133840
2025-10-10,TSLA,Tesla Inc.,436.54,413.49,443.13,411.45,112107870
2025-10-13,AAPL,Apple Inc.,249.38,247.66,249.69,245.56,38142942
2025-10-13,AMZN,Amazon.com Inc.,217.7,220.07,220.68,217.04,37809650
2025-10-13,GOOGL,Alphabet Inc.,240.21,244.15,244.5,239.71,24995028
2025-10-13,MSFT,Microsoft Corp.,516.41,514.05,516.41,511.68,14284238
2025-10-13,TSLA,Tesla Inc.,423.53,435.9,436.89,419.7,79552785
2025-10-14,AAPL,Apple Inc.,246.6,247.77,248.85,244.7,35477986
2025-10-14,AMZN,Amazon.com Inc.,215.56,216.39,219.32,212.6,45665580
2025-10-14,GOOGL,Alphabet Inc.,241.23,245.45,247.12,240.51,22111572
2025-10-14,MSFT,Microsoft Corp.,510.23,513.57,515.28,506.0,14684300
2025-10-14,TSLA,Tesla Inc.,426.79,429.24,434.2,417.86,72669438
2025-10-15,AAPL,Apple Inc.,249.49,249.34,251.82,247.47,33893611
2025-10-15,AMZN,Amazon.com Inc.,216.62,215.57,217.71,212.66,45909469
2025-10-15,GOOGL,Alphabet Inc.,247.25,251.03,252.11,245.99,27007690
2025-10-15,MSFT,Microsoft Corp.,514.96,513.43,517.19,510.0,14694654
2025-10-15,TSLA,Tesla Inc.,434.9,435.15,440.51,426.33,71558185
2025-10-16,AAPL,Apple Inc.,248.25,247.45,249.04,245.13,39776974
2025-10-16,AMZN,Amazon.com Inc.,215.67,214.47,218.59,212.81,42414591
2025-10-16,GOOGL,Alphabet Inc.,251.77,251.46,256.96,250.1,27997159
2025-10-16,MSFT,Microsoft Corp.,512.58,511.61,516.85,508.13,15559565
2025-10-16,TSLA,Tesla Inc.,434.73,428.75,439.35,421.31,77189889
2025-10-17,AAPL,Apple Inc.,248.02,252.29,253.38,247.27,49146961
2025-10-17,AMZN,Amazon.com Inc.,214.56,213.04,214.8,211.03,45986944
2025-10-17,GOOGL,Alphabet Inc.,250.76,253.3,254.22,247.81,29671629
2025-10-17,MSFT,Microsoft Corp.,509.04,513.58,515.48,507.31,19867765
2025-10-17,TSLA,Tesla Inc.,425.5,439.31,441.46,423.6,89331578
2025-10-20,AAPL,Apple Inc.,255.89,262.24,264.38,255.63,90483029
2025-10-20,AMZN,Amazon.com Inc.,213.88,216.48,216.69,213.59,38882819
2025-10-20,GOOGL,Alphabet Inc.,254.69,256.55,257.33,254.23,22350155
2025-10-20,MSFT,Microsoft Corp.,514.61,516.79,518.7,513.43,14665620
2025-10-20,TSLA,Tesla Inc.,443.87,447.43,449.8,440.61,63718971
2025-10-21,AAPL,Apple Inc.,261.88,262.77,265.29,261.83,46695948
2025-10-21,AMZN,Amazon.com Inc.,218.43,222.03,223.32,217.99,50494565
2025-10-21,GOOGL,Alphabet Inc.,254.74,250.46,254.88,244.15,47312098
2025-10-21,MSFT,Microsoft Corp.,517.5,517.66,518.69,513.04,15586204
2025-10-21,TSLA,Tesla Inc.,445.76,442.6,449.3,442.05,54412169
2025-10-22,AAPL,Apple Inc.,262.65,258.45,262.85,255.43,45015254
2025-10-22,AMZN,Amazon.com Inc.,219.3,217.95,220.01,216.52,44308538
2025-10-22,GOOGL,Alphabet Inc.,254.37,251.69,256.36,249.29,35029370
2025-10-22,MSFT,Microsoft Corp.,521.15,520.54,525.23,517.71,18962694
2025-10-22,TSLA,Tesla Inc.,443.45,438.97,445.54,429.0,84023458
2025-10-23,AAPL,Apple Inc.,259.94,259.58,260.62,258.01,32754941
2025-10-23,AMZN,Amazon.com Inc.,219.0,221.09,221.3,218.18,31539999
2025-10-23,GOOGL,Alphabet Inc.,252.98,253.08,255.04,251.85,19901425
2025-10-23,MSFT,Microsoft Corp.,522.46,520.56,523.95,518.61,14023532
2025-10-23,TSLA,Tesla Inc.,420.0,448.98,449.4,413.9,126709833
2025-10-24,AAPL,Apple Inc.,261.19,262.82,264.13,259.18,38253717
2025-10-24,AMZN,Amazon.com Inc.,221.97,224.21,225.4,221.9,38685053
2025-10-24,GOOGL,Alphabet Inc.,256.58,259.92,261.68,255.32,28655126
2025-10-24,MSFT,Microsoft Corp.,522.79,523.61,525.35,520.71,15532360
2025-10-24,TSLA,Tesla Inc.,446.83,433.72,451.68,430.17,94727774
2025-10-27,AAPL,Apple Inc.,264.88,268.81,269.12,264.65,44888152
2025-10-27,AMZN,Amazon.com Inc.,227.66,226.97,228.4,225.54,38266995
2025-10-27,GOOGL,Alphabet Inc.,264.82,269.27,270.14,264.28,35235231
2025-10-27,MSFT,Microsoft Corp.,531.78,531.52,534.58,529.01,18734716
2025-10-27,TSLA,Tesla Inc.,439.98,452.42,460.16,438.69,105867547
2025-10-28,AAPL,Apple Inc.,268.99,269.0,269.89,268.15,41534759
2025-10-28,AMZN,Amazon.com Inc.,228.22,229.25,231.49,226.21,47100026
2025-10-28,GOOGL,Alphabet Inc.,269.69,267.47,270.73,266.5,29738564
2025-10-28,MSFT,Microsoft Corp.,550.0,542.07,553.72,540.77,29986683
2025-10-28,TSLA,Tesla Inc.,454.78,460.55,467.0,451.6,80185667
2025-10-29,AAPL,Apple Inc.,269.28,269.7,271.41,267.11,51086742
2025-10-29,AMZN,Amazon.com Inc.,231.67,230.3,232.82,227.76,52036151
2025-10-29,GOOGL,Alphabet Inc.,267.75,274.57,275.34,267.67,43580277
2025-10-29,MSFT,Microsoft Corp.,544.94,541.55,546.27,536.73,36023004
2025-10-29,TSLA,Tesla Inc.,462.5,461.51,465.7,452.65,67983544
2025-10-30,AAPL,Apple Inc.,271.99,271.4,274.14,268.48,69886534
2025-10-30,AMZN,Amazon.com Inc.,227.06,222.86,228.44,222.75,102252937
2025-10-30,GOOGL,Alphabet Inc.,291.59,281.48,291.59,280.06,74875990
2025-10-30,MSFT,Microsoft Corp.,530.48,525.76,534.97,522.12,41023088
2025-10-30,TSLA,Tesla Inc.,451.05,440.1,455.06,439.61,72447938
2025-10-31,AAPL,Apple Inc.,276.99,270.37,277.32,269.16,86167123
2025-10-31,AMZN,Amazon.com Inc.,250.1,244.22,250.5,243.98,166340808
2025-10-31,GOOGL,Alphabet Inc.,283.21,281.19,286.0,277.03,39267945
2025-10-31,MSFT,Microsoft Corp.,528.88,517.81,529.32,515.1,34006424
2025-10-31,TSLA,Tesla Inc.,446.75,456.56,458.0,443.69,83135787
2025-11-03,AAPL,Apple Inc.,270.42,269.05,270.85,266.25,50194583
2025-11-03,AMZN,Amazon.com Inc.,255.36,254.0,258.6,252.9,95997816
2025-11-03,GOOGL,Alphabet Inc.,282.18,283.72,285.53,279.8,29785996
2025-11-03,MSFT,Microsoft Corp.,519.81,517.03,524.96,514.59,22374742
2025-11-03,TSLA,Tesla Inc.,455.99,468.37,474.07,453.8,84595244
2025-11-04,AAPL,Apple Inc.,268.33,270.04,271.49,267.62,49274846
2025-11-04,AMZN,Amazon.com Inc.,250.38,249.32,257.01,248.66,51546311
2025-11-04,GOOGL,Alphabet Inc.,276.75,277.54,281.27,276.26,30078369
2025-11-04,MSFT,Microsoft Corp.,511.76,514.33,515.55,507.84,20958663
2025-11-04,TSLA,Tesla Inc.,454.46,444.26,460.22,443.6,87756644
2025-11-05,AAPL,Apple Inc.,268.61,270.14,271.7,266.93,42586288
2025-11-05,AMZN,Amazon.com Inc.,249.03,250.2,251.0,246.16,39234469
2025-11-05,GOOGL,Alphabet Inc.,278.87,284.31,286.42,277.34,30283252
2025-11-05,MSFT,Microsoft Corp.,513.3,507.16,514.83,506.58,22883851
2025-11-05,TSLA,Tesla Inc.,452.05,462.07,466.33,440.71,84911911
2025-11-06,AAPL,Apple Inc.,267.89,269.77,273.4,267.89,51204045
2025-11-06,AMZN,Amazon.com Inc.,249.16,243.04,250.38,242.17,46004203
2025-11-06,GOOGL,Alphabet Inc.,285.33,284.75,288.35,281.14,37173648
2025-11-06,MSFT,Microsoft Corp.,505.66,497.1,505.7,495.81,27406496
2025-11-06,TSLA,Tesla Inc.,461.96,445.91,467.45,435.09,109622907
2025-11-07,AAPL,Apple Inc.,269.8,268.47,272.29,266.77,48227365
2025-11-07,AMZN,Amazon.com Inc.,242.9,244.41,244.9,238.49,46374294
2025-11-07,GOOGL,Alphabet Inc.,283.21,278.83,283.78,275.19,34479588
2025-11-07,MSFT,Microsoft Corp.,496.95,496.82,499.38,493.25,24019764
2025-11-07,TSLA,Tesla Inc.,437.92,429.52,439.36,421.88,103471495
2025-11-10,AAPL,Apple Inc.,268.96,269.43,273.73,267.46,41312412
2025-11-10,AMZN,Amazon.com Inc.,248.34,248.4,251.75,245.59,36476514
2025-11-10,GOOGL,Alphabet Inc.,284.42,290.1,290.8,282.86,29557309
2025-11-10,MSFT,Microsoft Corp.,500.04,506.0,506.85,498.8,26101480
2025-11-10,TSLA,Tesla Inc.,439.6,445.23,449.67,433.36,76515907
2025-11-11,AAPL,Apple Inc.,269.81,275.25,275.91,269.8,46208318
2025-11-11,AMZN,Amazon.com Inc.,248.41,249.1,249.75,247.23,23564060
2025-11-11,GOOGL,Alphabet Inc.,287.75,291.31,291.92,287.32,19842136
2025-11-11,MSFT,Microsoft Corp.,504.8,508.68,509.6,502.35,17980020
2025-11-11,TSLA,Tesla Inc.,439.4,439.62,442.49,432.36,60533237
2025-11-12,AAPL,Apple Inc.,275.0,273.47,275.73,271.7,48397982
2025-11-12,AMZN,Amazon.com Inc.,250.24,244.2,250.37,243.75,31190063
2025-11-12,GOOGL,Alphabet Inc.,291.68,286.71,292.01,283.69,24829923
2025-11-12,MSFT,Microsoft Corp.,509.36,511.14,511.67,499.12,26574851
2025-11-12,TSLA,Tesla Inc.,442.15,430.6,442.33,426.56,58513520
2025-11-13,AAPL,Apple Inc.,274.11,272.95,276.7,272.09,49602794
2025-11-13,AMZN,Amazon.com Inc.,243.05,237.58,243.75,236.5,41401738
2025-11-13,GOOGL,Alphabet Inc.,282.34,278.57,282.84,277.24,29494040
2025-11-13,MSFT,Microsoft Corp.,510.31,503.29,513.5,501.29,25273114
2025-11-13,TSLA,Tesla Inc.,423.13,401.99,424.5,396.34,118948032
2025-11-14,AAPL,Apple Inc.,271.05,272.41,275.96,269.6,47431331
2025-11-14,AMZN,Amazon.com Inc.,235.06,234.69,238.73,232.89,38956669
2025-11-14,GOOGL,Alphabet Inc.,271.41,276.41,278.56,270.7,31647227
2025-11-14,MSFT,Microsoft Corp.,498.23,510.18,511.6,497.44,28505746
2025-11-14,TSLA,Tesla Inc.,386.3,404.35,412.19,382.78,105506682
2025-11-17,AAPL,Apple Inc.,268.82,267.46,270.49,265.73,45018260
2025-11-17,AMZN,Amazon.com Inc.,233.25,232.87,234.6,229.19,59919018
2025-11-17,GOOGL,Alphabet Inc.,285.78,285.02,293.95,283.57,52670192
2025-11-17,MSFT,Microsoft Corp.,508.45,507.49,512.12,504.91,19092752
2025-11-17,TSLA,Tesla Inc.,398.74,408.92,423.96,398.74,102214259
2025-11-18,AAPL,Apple Inc.,269.99,267.44,270.71,265.32,45677278
2025-11-18,AMZN,Amazon.com Inc.,228.1,222.55,230.2,222.42,60608442
2025-11-18,GOOGL,Alphabet Inc.,287.92,284.28,288.8,278.2,49158743
2025-11-18,MSFT,Microsoft Corp.,495.37,493.79,502.98,486.78,33815114
2025-11-18,TSLA,Tesla Inc.,405.38,401.25,408.9,393.71,80688637
2025-11-19,AAPL,Apple Inc.,265.53,268.56,272.21,265.5,40424492
2025-11-19,AMZN,Amazon.com Inc.,223.74,222.69,223.74,218.52,58335643
2025-11-19,GOOGL,Alphabet Inc.,287.16,292.81,303.81,286.63,68198944
2025-11-19,MSFT,Microsoft Corp.,490.1,487.12,495.19,482.83,23245314
2025-11-19,TSLA,Tesla Inc.,406.18,403.99,411.78,398.5,72047704
2025-11-20,AAPL,Apple Inc.,270.83,266.25,275.43,265.92,45823568
2025-11-20,AMZN,Amazon.com Inc.,227.05,217.14,227.41,216.74,50308962
2025-11-20,GOOGL,Alphabet Inc.,304.54,289.45,306.42,288.67,62025218
2025-11-20,MSFT,Microsoft Corp.,492.71,478.43,493.57,475.5,26802542
2025-11-20,TSLA,Tesla Inc.,414.63,395.23,428.94,394.74,113548827
2025-11-21,AAPL,Apple Inc.,265.95,271.49,273.33,265.67,59030832
2025-11-21,AMZN,Amazon.com Inc.,216.35,220.69,222.21,215.18,68490464
2025-11-21,GOOGL,Alphabet Inc.,296.42,299.66,303.92,293.85,74137697
2025-11-21,MSFT,Microsoft Corp.,478.5,472.12,478.92,468.27,31769248
2025-11-21,TSLA,Tesla Inc.,402.32,391.09,402.8,383.76,100460633
2025-11-24,AAPL,Apple Inc.,270.9,275.92,277.0,270.9,65585796
2025-11-24,AMZN,Amazon.com Inc.,222.56,226.28,227.33,222.27,54318395
2025-11-24,GOOGL,Alphabet Inc.,311.13,318.58,319.48,309.6,85165123
2025-11-24,MSFT,Microsoft Corp.,475.0,474.0,476.9,468.02,34421046
2025-11-24,TSLA,Tesla Inc.,402.17,417.78,421.72,401.09,96806374
2025-11-25,AAPL,Apple Inc.,275.27,276.97,280.38,275.25,46914220
2025-11-25,AMZN,Amazon.com Inc.,226.38,229.67,230.52,223.8,39379339
2025-11-25,GOOGL,Alphabet Inc.,326.21,323.44,328.83,317.65,88632074
2025-11-25,MSFT,Microsoft Corp.,474.07,476.99,479.15,464.89,28019793
2025-11-25,TSLA,Tesla Inc.,414.42,419.4,420.48,405.95,71915624
2025-11-26,AAPL,Apple Inc.,276.96,277.55,279.53,276.63,33431423
2025-11-26,AMZN,Amazon.com Inc.,230.74,229.16,231.75,228.77,38497922
2025-11-26,GOOGL,Alphabet Inc.,320.68,319.95,324.5,316.79,51373361
2025-11-26,MSFT,Microsoft Corp.,486.31,485.5,488.31,481.2,25709079
2025-11-26,TSLA,Tesla Inc.,423.95,426.58,426.94,416.89,63462996
2025-11-28,AAPL,Apple Inc.,277.26,278.85,279.0,275.99,20135620
2025-11-28,AMZN,Amazon.com Inc.,231.24,233.22,233.29,230.22,20292329
2025-11-28,GOOGL,Alphabet Inc.,323.37,320.18,326.85,316.79,26018568
2025-11-28,MSFT,Microsoft Corp.,487.6,492.01,492.63,486.65,14386730
2025-11-28,TSLA,Tesla Inc.,426.59,430.17,432.93,426.2,36252861
2025-12-01,AAPL,Apple Inc.,278.01,283.1,283.42,276.14,46587722
2025-12-01,AMZN,Amazon.com Inc.,233.22,233.88,235.8,232.25,42903954
2025-12-01,GOOGL,Alphabet Inc.,317.7,314.89,319.85,313.89,41182956
2025-12-01,MSFT,Microsoft Corp.,488.44,486.74,489.86,484.65,23963993
2025-12-01,TSLA,Tesla Inc.,425.32,430.14,433.66,425.29,57463552
2025-12-02,AAPL,Apple Inc.,283.0,286.19,287.4,282.63,53669532
2025-12-02,AMZN,Amazon.com Inc.,235.01,234.42,238.97,233.55,45785363
2025-12-02,GOOGL,Alphabet Inc.,316.74,315.81,318.38,313.91,35854744
2025-12-02,MSFT,Microsoft Corp.,486.72,490.0,493.5,486.32,19562722
2025-12-02,TSLA,Tesla Inc.,430.81,429.24,436.8,422.12,69336626
2025-12-03,AAPL,Apple Inc.,286.2,284.15,288.62,283.3,43538687
2025-12-03,AMZN,Amazon.com Inc.,233.35,232.38,233.38,230.61,35495058
2025-12-03,GOOGL,Alphabet Inc.,315.89,319.63,321.58,314.1,41838317
2025-12-03,MSFT,Microsoft Corp.,476.32,477.73,484.24,475.2,34615102
2025-12-03,TSLA,Tesla Inc.,432.1,446.74,447.92,431.11,87482964
2025-12-04,AAPL,Apple Inc.,284.1,280.7,284.73,278.59,43989056
2025-12-04,AMZN,Amazon.com Inc.,232.77,229.11,233.5,226.8,45683224
2025-12-04,GOOGL,Alphabet Inc.,322.23,317.62,322.36,314.7,31240924
2025-12-04,MSFT,Microsoft Corp.,479.76,480.84,481.32,476.49,22318155
2025-12-04,TSLA,Tesla Inc.,449.94,454.53,454.63,445.39,71906488
2025-12-05,AAPL,Apple Inc.,280.54,278.78,281.14,278.05,47265845
2025-12-05,AMZN,Amazon.com Inc.,230.32,229.53,231.24,228.55,33117377
2025-12-05,GOOGL,Alphabet Inc.,319.49,321.27,323.16,319.17,28851705
2025-12-05,MSFT,Microsoft Corp.,482.52,483.16,483.4,478.88,22608710
2025-12-05,TSLA,Tesla Inc.,453.03,455.0,458.87,451.66,56427522
2025-12-08,AAPL,Apple Inc.,278.13,277.89,279.67,276.15,36406317
2025-12-08,AMZN,Amazon.com Inc.,229.59,226.89,230.83,226.27,34681553
2025-12-08,GOOGL,Alphabet Inc.,320.05,313.72,320.44,311.22,33403895
2025-12-08,MSFT,Microsoft Corp.,484.89,491.02,492.3,484.38,20668450
2025-12-08,TSLA,Tesla Inc.,447.45,439.58,449.75,435.25,68386756
2025-12-09,AAPL,Apple Inc.,278.16,277.18,280.03,276.92,31753410
2025-12-09,AMZN,Amazon.com Inc.,226.84,227.92,228.57,225.11,25712299
2025-12-09,GOOGL,Alphabet Inc.,312.37,317.08,317.99,311.9,30089731
2025-12-09,MSFT,Microsoft Corp.,489.1,492.02,492.12,488.5,14092776
2025-12-09,TSLA,Tesla Inc.,437.54,445.17,452.39,435.7,62014951
2025-12-10,AAPL,Apple Inc.,277.75,278.78,279.75,276.44,33038318
2025-12-10,AMZN,Amazon.com Inc.,228.81,231.78,232.42,228.46,38790736
2025-12-10,GOOGL,Alphabet Inc.,315.83,320.21,321.31,314.68,33428923
2025-12-10,MSFT,Microsoft Corp.,484.03,478.56,484.25,475.08,35756229
2025-12-10,TSLA,Tesla Inc.,446.07,451.45,456.88,443.61,63257475
2025-12-11,AAPL,Apple Inc.,279.1,278.03,279.59,273.81,33247986
2025-12-11,AMZN,Amazon.com Inc.,230.71,230.28,232.11,228.69,28249599
2025-12-11,GOOGL,Alphabet Inc.,320.08,312.43,321.12,308.6,42353697
2025-12-11,MSFT,Microsoft Corp.,476.63,483.47,486.03,475.86,24669180
2025-12-11,TSLA,Tesla Inc.,448.95,446.89,449.27,440.33,55979492
2025-12-12,AAPL,Apple Inc.,277.9,278.28,279.22,276.82,39532887
2025-12-12,AMZN,Amazon.com Inc.,229.87,226.19,230.08,225.12,35639118
2025-12-12,GOOGL,Alphabet Inc.,313.7,309.29,314.87,305.56,35940170
2025-12-12,MSFT,Microsoft Corp.,479.82,478.53,482.45,476.34,21248102
2025-12-12,TSLA,Tesla Inc.,448.09,458.96,463.01,441.67,95656749
2025-12-15,AAPL,Apple Inc.,280.15,274.11,280.15,272.84,50409078
2025-12-15,AMZN,Amazon.com Inc.,227.93,222.54,227.93,221.5,47286085
2025-12-15,GOOGL,Alphabet Inc.,311.32,308.22,311.42,304.88,29151889
2025-12-15,MSFT,Microsoft Corp.,480.1,474.82,480.72,472.52,23727694
2025-12-15,TSLA,Tesla Inc.,469.44,475.31,481.77,467.66,114542204
2025-12-16,AAPL,Apple Inc.,272.82,274.61,275.5,271.79,37648628
2025-12-16,AMZN,Amazon.com Inc.,223.04,222.56,223.66,221.13,39298857
2025-12-16,GOOGL,Alphabet Inc.,304.95,306.57,310.77,302.59,30585020
2025-12-16,MSFT,Microsoft Corp.,471.91,476.39,477.89,470.88,20705560
2025-12-16,TSLA,Tesla Inc.,472.21,489.88,491.5,465.83,107608075
2025-12-17,AAPL,Apple Inc.,275.01,271.84,276.16,271.64,50138743
2025-12-17,AMZN,Amazon.com Inc.,224.66,221.27,225.19,220.99,44034418
2025-12-17,GOOGL,Alphabet Inc.,308.01,296.72,308.09,296.12,43930358
2025-12-17,MSFT,Microsoft Corp.,476.91,476.12,480.0,475.0,24527176
2025-12-17,TSLA,Tesla Inc.,488.22,467.26,495.28,466.2,106490405
2025-12-18,AAPL,Apple Inc.,273.61,272.19,273.63,266.95,51630721
2025-12-18,AMZN,Amazon.com Inc.,225.71,226.76,229.23,224.41,50272419
2025-12-18,GOOGL,Alphabet Inc.,301.72,302.46,303.96,299.23,33518048
2025-12-18,MSFT,Microsoft Corp.,478.19,483.98,489.6,477.89,28573545
2025-12-18,TSLA,Tesla Inc.,478.16,483.37,490.86,473.12,95168446
2025-12-19,AAPL,Apple Inc.,272.15,273.67,274.6,269.9,144632048
2025-12-19,AMZN,Amazon.com Inc.,226.76,227.35,229.13,225.58,85544374
2025-12-19,GOOGL,Alphabet Inc.,301.73,307.16,307.25,300.97,59943239
2025-12-19,MSFT,Microsoft Corp.,487.36,485.92,487.85,482.49,70836105
2025-12-19,TSLA,Tesla Inc.,488.12,481.2,490.49,474.72,103305424
2025-12-22,AAPL,Apple Inc.,272.86,270.97,273.88,270.51,36571827
2025-12-22,AMZN,Amazon.com Inc.,228.61,228.43,229.48,226.71,32261329
2025-12-22,GOOGL,Alphabet Inc.,309.88,309.78,310.13,305.3,26429937
2025-12-22,MSFT,Microsoft Corp.,486.12,484.92,488.73,482.69,16963019
2025-12-22,TSLA,Tesla Inc.,489.88,488.73,498.83,485.33,86916066
2025-12-23,AAPL,Apple Inc.,270.84,272.36,272.5,269.56,29641999
2025-12-23,AMZN,Amazon.com Inc.,229.06,232.14,232.45,228.73,29230233
2025-12-23,GOOGL,Alphabet Inc.,309.63,314.35,314.94,309.32,25478670
2025-12-23,MSFT,Microsoft Corp.,484.98,486.85,487.83,484.74,14683582
2025-12-23,TSLA,Tesla Inc.,489.4,485.56,491.97,482.84,58223633
2025-12-24,AAPL,Apple Inc.,272.34,273.81,275.43,272.2,17910574
2025-12-24,AMZN,Amazon.com Inc.,232.13,232.38,232.95,231.33,11420543
2025-12-24,GOOGL,Alphabet Inc.,314.77,314.09,315.08,311.92,10097361
2025-12-24,MSFT,Microsoft Corp.,485.68,488.02,489.16,484.83,5855880
2025-12-24,TSLA,Tesla Inc.,488.48,485.4,490.9,476.8,41028258
